Name;LASTNAME;Email;LAPTOP;Link
Julien;Bellio;julien@afinit.be;;https://techzone.ibm.com/my/requests/6a96b950475f4a72c6581274
Koen;Loffeld;koen.loffeld@alpinedigital.be;;https://techzone.ibm.com/my/requests/6a96b95037a7d2188e329aa0
Pascale;Crosiers;pascale.crosiers@ascoindustries.com;(Recommended) I will bring my own laptop;https://techzone.ibm.com/my/requests/6a96a3935ffc726f6e479942
Wannes;Machiels;wannesmachiels@gmail.com;(Recommended) I will bring my own laptop;https://techzone.ibm.com/my/requests/6a96a3921ff526a9a16bd42f
Sabine;Dejonghe;sabine.dejonghe@axians.com;(Recommended) I will bring my own laptop;https://techzone.ibm.com/my/requests/6a968cf02ce49c741529063d
Veerle;Kerckvoorde;veerle.kerckvoorde@axians.com;(Recommended) I will bring my own laptop;https://techzone.ibm.com/my/requests/6a968cef2ce49c741529063c
Ann;Desmet;ann.desmet@axians.com;(Recommended) I will bring my own laptop;https://techzone.ibm.com/my/requests/6a968cef8b53211ac4e23789
Willy;Ceuppens;willy@business-systems.be;(Recommended) I will bring my own laptop;https://techzone.ibm.com/my/requests/6a968cef016286aae1d24818
Paul;Nicolay;paul.nicolay@cegeka.com;(Recommended) I will bring my own laptop;https://techzone.ibm.com/my/requests/6a968cef6e2cf054c10a1a72
Steven;Van Bosch;steven.vanbosch@colruytgroup.com;(Recommended) I will bring my own laptop;https://techzone.ibm.com/my/requests/6a968ceeaad1a0106590de69
joris;coppejans;joris.coppejans@europabank.be;(Recommended) I will bring my own laptop;https://techzone.ibm.com/my/requests/6a967e6a3a5b84596ead2b2f
Jan;Wallays;jan.wallays@europabank.be;;https://techzone.ibm.com/my/requests/6a967e69c6590aee26c108ba
David;Vanmanshoven;david.vanmanshoven@axians.com;(Recommended) I will bring my own laptop;https://techzone.ibm.com/my/requests/6a959004849007ddb330994f
Marie;Gris;marie.gris@heliaq.fr;(Recommended) I will bring my own laptop;https://techzone.ibm.com/my/requests/6a9590023a5b84596ead2a0a
Julien;Vandenberg;julien_vandenberg@eupen.com;(Recommended) I will bring my own laptop;https://techzone.ibm.com/my/requests/6a9590012215089a9cb62d66
Yves;Delannay;yves_delannay@eupen.com;(Recommended) I will bring my own laptop;https://techzone.ibm.com/my/requests/6a959001475f4a72c6581140
Brent;Verbruggen;brent@marcit.be;(Recommended) I will bring my own laptop;https://techzone.ibm.com/my/requests/6a9590019f66eb57ed5fae50
Marius;le Roux;mariuslr@mlr-consulting.com;(Recommended) I will bring my own laptop;https://techzone.ibm.com/my/requests/6a959001631388e000fe0b3a
Jim;Bourgoignie;jim.bourgoignie@mp-i.eu;(Recommended) I will bring my own laptop;https://techzone.ibm.com/my/requests/6a959001016286aae1d245c0
Sabina;Javid;sabienasj@gmail.com;(Recommended) I will bring my own laptop;https://techzone.ibm.com/my/requests/6a959001198f09546b278e2a
PERCY;JIMÉNEZ;p.jimenezmogollon@gmail.com;(Recommended) I will bring my own laptop;https://techzone.ibm.com/my/requests/6a9590012041e1b0af89c565
Bart;Van de Putte;bart.vandeputte@tdsynnex.com;(Recommended) I will bring my own laptop;https://techzone.ibm.com/my/requests/6a9590008eaf77fb0afcb28f
Thomas;Nauwelaerts;thomas.nauwelaerts@vandeput.be;(Recommended) I will bring my own laptop;https://techzone.ibm.com/my/requests/6a957206631388e000fe0b01
Michel;De Bondt;michel.debondt@vandeput.be;(Recommended) I will bring my own laptop;https://techzone.ibm.com/my/requests/6a957206475f4a72c6581108
Benny;Van Belle;benny.vanbelle@vandeput.be;(Recommended) I will bring my own laptop;https://techzone.ibm.com/my/requests/6a95720679199abda8266171
Johan;Dingenen;johan.dingenen@vandeput.be;(Recommended) I will bring my own laptop;https://techzone.ibm.com/my/requests/6a957206c6590aee26c1063a
Toshaan;Bharvani;toshaan@vantosh.com;(Recommended) I will bring my own laptop;https://techzone.ibm.com/my/requests/6a9572055aa00a7e843ca1d1
Marc;Verbruggen;marc@MARCit.be;;https://techzone.ibm.com/my/requests/6a957205a5e90a7a31c975c4
